region,year,artist,streams
Argentina,2017,Ozuna,107105891.0
Argentina,2017,Ed Sheeran,81184675.0
Argentina,2017,Maluma,79420614.0
Argentina,2017,Nicky Jam,64350505.0
Argentina,2017,Shakira,54252019.0
Argentina,2018,Paulo Londra,104153731.0
Argentina,2018,Ozuna,83584167.0
Argentina,2018,Maluma,68309967.0
Argentina,2018,Bad Bunny,65417249.0
Argentina,2018,Duki,54573767.0
Argentina,2019,Paulo Londra,224215917.0
Argentina,2019,WOS,91557486.0
Argentina,2019,Duki,78161246.0
Argentina,2019,Maluma,70109108.0
Argentina,2019,Bad Bunny,63281876.0
Argentina,2020,J Balvin,114299123.0
Argentina,2020,Camilo,102152375.0
Argentina,2020,Bad Bunny,100438316.0
Argentina,2020,Maluma,83412737.0
Argentina,2020,Rauw Alejandro,76521526.0
Argentina,2021,Rauw Alejandro,129957293.0
Argentina,2021,Maria Becerra,108096490.0
Argentina,2021,"TINI, Maria Becerra",68688945.0
Argentina,2021,Bad Bunny,67354580.0
Argentina,2021,Olivia Rodrigo,66283905.0
Australia,2017,Ed Sheeran,208559243.0
Australia,2017,Kendrick Lamar,75708556.0
Australia,2017,Drake,51564301.0
Australia,2017,Khalid,47864990.0
Australia,2017,"Calvin Harris, Funk Wav",44340930.0
Australia,2018,Post Malone,196029570.0
Australia,2018,Drake,155233575.0
Australia,2018,XXXTENTACION,143595650.0
Australia,2018,Ed Sheeran,112703900.0
Australia,2018,Khalid,94061720.0
Australia,2019,Billie Eilish,219218372.0
Australia,2019,Post Malone,196456393.0
Australia,2019,Ed Sheeran,170060906.0
Australia,2019,Ariana Grande,147200350.0
Australia,2019,Khalid,115533808.0
Australia,2020,Juice WRLD,125771098.0
Australia,2020,Harry Styles,105238769.0
Australia,2020,Billie Eilish,101292561.0
Australia,2020,Dua Lipa,99638671.0
Australia,2020,The Weeknd,98891500.0
Australia,2021,Olivia Rodrigo,207123491.0
Australia,2021,The Kid LAROI,142037365.0
Australia,2021,Ed Sheeran,135111706.0
Australia,2021,Doja Cat,115345909.0
Australia,2021,Justin Bieber,114825074.0
Austria,2017,Ed Sheeran,16212341.0
Austria,2017,Imagine Dragons,7281802.0
Austria,2017,RAF Camora,4054792.0
Austria,2017,Clean Bandit,3929931.0
Austria,2017,The Chainsmokers,3817687.0
Austria,2018,Capital Bra,15817232.0
Austria,2018,"Bonez MC, RAF Camora",12571665.0
Austria,2018,RAF Camora,10044341.0
Austria,2018,Post Malone,9406152.0
Austria,2018,Drake,7594381.0
Austria,2019,Capital Bra,23728326.0
Austria,2019,Billie Eilish,17195886.0
Austria,2019,MERO,13377857.0
Austria,2019,"Capital Bra, Samra",13143814.0
Austria,2019,Apache 207,12817449.0
Austria,2020,Apache 207,23047929.0
Austria,2020,Bonez MC,13706601.0
Austria,2020,Juice WRLD,11166673.0
Austria,2020,Pop Smoke,9966437.0
Austria,2020,The Weeknd,9591835.0
Austria,2021,Olivia Rodrigo,17638631.0
Austria,2021,Måneskin,13752652.0
Austria,2021,Lil Nas X,13604889.0
Austria,2021,Ed Sheeran,12035031.0
Austria,2021,The Kid LAROI,11483960.0
Belgium,2017,Ed Sheeran,31398441.0
Belgium,2017,Clean Bandit,9080988.0
Belgium,2017,Damso,9079995.0
Belgium,2017,Imagine Dragons,8364539.0
Belgium,2017,Boef,6654972.0
Belgium,2018,XXXTENTACION,21578605.0
Belgium,2018,Drake,19284669.0
Belgium,2018,Ed Sheeran,14160587.0
Belgium,2018,Post Malone,14009960.0
Belgium,2018,Damso,11044188.0
Belgium,2019,Billie Eilish,35225886.0
Belgium,2019,Ed Sheeran,22629399.0
Belgium,2019,Post Malone,20829465.0
Belgium,2019,Ariana Grande,19464879.0
Belgium,2019,Angèle,15944719.0
Belgium,2020,Billie Eilish,26037696.0
Belgium,2020,The Weeknd,25151638.0
Belgium,2020,Dua Lipa,22354952.0
Belgium,2020,Pop Smoke,20261690.0
Belgium,2020,Lewis Capaldi,19679349.0
Belgium,2021,Olivia Rodrigo,32587224.0
Belgium,2021,Lil Nas X,23845486.0
Belgium,2021,Måneskin,23399560.0
Belgium,2021,The Weeknd,20681267.0
Belgium,2021,Ed Sheeran,18801546.0
Bolivia,2017,Piso 21,3154441.0
Bolivia,2017,Ed Sheeran,3008497.0
Bolivia,2017,Maluma,2769386.0
Bolivia,2017,Danny Ocean,2678952.0
Bolivia,2017,Ozuna,2522911.0
Bolivia,2018,Piso 21,5119909.0
Bolivia,2018,Maluma,4755297.0
Bolivia,2018,Bad Bunny,3872262.0
Bolivia,2018,Danny Ocean,3384418.0
Bolivia,2018,Manuel Turizo,3231669.0
Bolivia,2019,Paulo Londra,8434747.0
Bolivia,2019,Maluma,6747773.0
Bolivia,2019,Bad Bunny,4651051.0
Bolivia,2019,"J Balvin, Bad Bunny",4501247.0
Bolivia,2019,"Mau y Ricky, Manuel Turizo, Camilo",3442067.0
Bolivia,2020,Bad Bunny,13816064.0
Bolivia,2020,J Balvin,11213892.0
Bolivia,2020,Maluma,9519808.0
Bolivia,2020,Camilo,9212796.0
Bolivia,2020,Christian Nodal,7602448.0
Bolivia,2021,Bad Bunny,14467232.0
Bolivia,2021,Rauw Alejandro,10398891.0
Bolivia,2021,Maluma,9540745.0
Bolivia,2021,KAROL G,8325699.0
Bolivia,2021,Christian Nodal,8015245.0
Brazil,2017,Matheus & Kauan,249835775.0
Brazil,2017,Jorge & Mateus,229768346.0
Brazil,2017,Henrique & Juliano,229395485.0
Brazil,2017,Marília Mendonça,199386847.0
Brazil,2017,Ed Sheeran,179064132.0
Brazil,2018,Zé Neto & Cristiano,512854206.0
Brazil,2018,Jorge & Mateus,336851829.0
Brazil,2018,Marília Mendonça,241507880.0
Brazil,2018,Henrique & Juliano,210183652.0
Brazil,2018,Gusttavo Lima,196707818.0
Brazil,2019,Marília Mendonça,699548604.0
Brazil,2019,Zé Neto & Cristiano,461314291.0
Brazil,2019,Gusttavo Lima,342071508.0
Brazil,2019,Diego & Victor Hugo,238137699.0
Brazil,2019,Jorge & Mateus,194625491.0
Brazil,2020,Henrique & Juliano,512472077.0
Brazil,2020,Gusttavo Lima,464254681.0
Brazil,2020,Marília Mendonça,431550804.0
Brazil,2020,Zé Neto & Cristiano,356574857.0
Brazil,2020,Jorge & Mateus,337528612.0
Brazil,2021,Gusttavo Lima,470306099.0
Brazil,2021,João Gomes,448863177.0
Brazil,2021,Henrique & Juliano,417014812.0
Brazil,2021,Jorge & Mateus,406920180.0
Brazil,2021,Zé Neto & Cristiano,377615651.0
Bulgaria,2017,Ed Sheeran,954164.0
Bulgaria,2017,Kendrick Lamar,402989.0
Bulgaria,2017,Luis Fonsi,241191.0
Bulgaria,2017,"The Weeknd, Daft Punk",235654.0
Bulgaria,2017,DJ Khaled,228401.0
Bulgaria,2018,V:RGO,103940.0
Bulgaria,2018,Drake,90924.0
Bulgaria,2018,Travis Scott,90856.0
Bulgaria,2018,Ariana Grande,86190.0
Bulgaria,2018,XXXTENTACION,64087.0
Bulgaria,2019,Ariana Grande,1374724.0
Bulgaria,2019,Billie Eilish,1173778.0
Bulgaria,2019,Ed Sheeran,1080241.0
Bulgaria,2019,Itzo Hazarta,1071337.0
Bulgaria,2019,Post Malone,1014225.0
Bulgaria,2020,Travis Scott,2416711.0
Bulgaria,2020,Pop Smoke,2153877.0
Bulgaria,2020,The Weeknd,2093201.0
Bulgaria,2020,Dua Lipa,1573620.0
Bulgaria,2020,Billie Eilish,1525539.0
Bulgaria,2021,Måneskin,3615909.0
Bulgaria,2021,Lil Nas X,3122605.0
Bulgaria,2021,Pop Smoke,2998857.0
Bulgaria,2021,Doja Cat,2943327.0
Bulgaria,2021,Olivia Rodrigo,2195022.0
Canada,2017,Ed Sheeran,139984190.0
Canada,2017,Drake,112538472.0
Canada,2017,Kendrick Lamar,97584947.0
Canada,2017,Migos,62058718.0
Canada,2017,Future,52456787.0
Canada,2018,Drake,237047592.0
Canada,2018,Post Malone,211533361.0
Canada,2018,XXXTENTACION,148025599.0
Canada,2018,Travis Scott,101253238.0
Canada,2018,Khalid,73342635.0
Canada,2019,Post Malone,211087764.0
Canada,2019,Billie Eilish,170416357.0
Canada,2019,Ariana Grande,141922242.0
Canada,2019,Ed Sheeran,118498049.0
Canada,2019,Khalid,101535776.0
Canada,2020,Juice WRLD,164658290.0
Canada,2020,Pop Smoke,138603142.0
Canada,2020,The Weeknd,101336574.0
Canada,2020,DaBaby,95104780.0
Canada,2020,Drake,93263737.0
Canada,2021,Olivia Rodrigo,181984367.0
Canada,2021,Drake,160800780.0
Canada,2021,Justin Bieber,125999603.0
Canada,2021,Doja Cat,99746545.0
Canada,2021,Lil Nas X,98467176.0
Chile,2017,Ozuna,76630519.0
Chile,2017,Ed Sheeran,63215495.0
Chile,2017,Maluma,61739897.0
Chile,2017,Nicky Jam,47942363.0
Chile,2017,Danny Ocean,42986647.0
Chile,2018,Ozuna,95097660.0
Chile,2018,Bad Bunny,75129006.0
Chile,2018,Zion & Lennox,66674727.0
Chile,2018,Anuel AA,63301961.0
Chile,2018,Piso 21,53881572.0
Chile,2019,Bad Bunny,146549804.0
Chile,2019,Paulo Londra,125016518.0
Chile,2019,Paloma Mami,120909803.0
Chile,2019,"J Balvin, Bad Bunny",71714317.0
Chile,2019,Cami,54675151.0
Chile,2020,Bad Bunny,291329455.0
Chile,2020,J Balvin,95545699.0
Chile,2020,Myke Towers,88526988.0
Chile,2020,Maluma,74984843.0
Chile,2020,Camilo,69255823.0
Chile,2021,Bad Bunny,208628541.0
Chile,2021,Rauw Alejandro,124029367.0
Chile,2021,Ak4:20,72362088.0
Chile,2021,Myke Towers,68168466.0
Chile,2021,Sech,65086322.0
Colombia,2017,Ed Sheeran,27244046.0
Colombia,2017,Ozuna,26502721.0
Colombia,2017,Piso 21,23400846.0
Colombia,2017,Nicky Jam,23270856.0
Colombia,2017,Danny Ocean,15648448.0
Colombia,2018,Ozuna,28143543.0
Colombia,2018,Piso 21,25555350.0
Colombia,2018,Manuel Turizo,25548344.0
Colombia,2018,Bad Bunny,20393626.0
Colombia,2018,Zion & Lennox,20214266.0
Colombia,2019,"J Balvin, Bad Bunny",26933083.0
Colombia,2019,Paulo Londra,26192815.0
Colombia,2019,Maluma,24094239.0
Colombia,2019,Manuel Turizo,22164542.0
Colombia,2019,Bad Bunny,20482599.0
Colombia,2020,J Balvin,88638045.0
Colombia,2020,Bad Bunny,71010471.0
Colombia,2020,Maluma,44037951.0
Colombia,2020,Camilo,39029597.0
Colombia,2020,Rauw Alejandro,23496122.0
Colombia,2021,Bad Bunny,73927748.0
Colombia,2021,Feid,48972423.0
Colombia,2021,KAROL G,39851312.0
Colombia,2021,Rauw Alejandro,39381466.0
Colombia,2021,Maluma,34496110.0
Costa Rica,2017,Ed Sheeran,19482075.0
Costa Rica,2017,Ozuna,9929843.0
Costa Rica,2017,Maluma,7494446.0
Costa Rica,2017,Danny Ocean,6801877.0
Costa Rica,2017,Nicky Jam,6313647.0
Costa Rica,2018,Ozuna,16678600.0
Costa Rica,2018,Bad Bunny,8704371.0
Costa Rica,2018,Ed Sheeran,7810547.0
Costa Rica,2018,Piso 21,7709983.0
Costa Rica,2018,Drake,6498485.0
Costa Rica,2019,Paulo Londra,18623037.0
Costa Rica,2019,Bad Bunny,8102229.0
Costa Rica,2019,Ed Sheeran,7576154.0
Costa Rica,2019,Ozuna,7429004.0
Costa Rica,2019,"J Balvin, Bad Bunny",7412937.0
Costa Rica,2020,Bad Bunny,28685621.0
Costa Rica,2020,J Balvin,21491753.0
Costa Rica,2020,Christian Nodal,16487818.0
Costa Rica,2020,Camilo,11904996.0
Costa Rica,2020,Maluma,10705939.0
Costa Rica,2021,Bad Bunny,25528953.0
Costa Rica,2021,Christian Nodal,17703347.0
Costa Rica,2021,Rauw Alejandro,12265255.0
Costa Rica,2021,Olivia Rodrigo,10151392.0
Costa Rica,2021,KAROL G,8437149.0
Czech Republic,2017,Ed Sheeran,13039265.0
Czech Republic,2017,Imagine Dragons,8055030.0
Czech Republic,2017,Linkin Park,3641379.0
Czech Republic,2017,Clean Bandit,3286460.0
Czech Republic,2017,Shawn Mendes,2894013.0
Czech Republic,2018,Imagine Dragons,11895180.0
Czech Republic,2018,Ed Sheeran,6552516.0
Czech Republic,2018,Post Malone,5908942.0
Czech Republic,2018,XXXTENTACION,5840015.0
Czech Republic,2018,Eminem,4769143.0
Czech Republic,2019,Billie Eilish,13092481.0
Czech Republic,2019,Viktor Sheen,11889683.0
Czech Republic,2019,Ed Sheeran,11688909.0
Czech Republic,2019,Post Malone,10206325.0
Czech Republic,2019,Imagine Dragons,10022001.0
Czech Republic,2020,Viktor Sheen,22542646.0
Czech Republic,2020,The Weeknd,9345691.0
Czech Republic,2020,Nik Tendo,9334053.0
Czech Republic,2020,Ektor,7819691.0
Czech Republic,2020,Yzomandias,7539087.0
Czech Republic,2021,Viktor Sheen,22794375.0
Czech Republic,2021,Olivia Rodrigo,12232026.0
Czech Republic,2021,Måneskin,11107851.0
Czech Republic,2021,Yzomandias,10870722.0
Czech Republic,2021,Lil Nas X,10530414.0
Denmark,2017,Ed Sheeran,90627195.0
Denmark,2017,Gilli,45297333.0
Denmark,2017,KESI,34100633.0
Denmark,2017,Gulddreng,30588862.0
Denmark,2017,Molo,24274115.0
Denmark,2018,Post Malone,44010961.0
Denmark,2018,XXXTENTACION,39682532.0
Denmark,2018,Gilli,39409429.0
Denmark,2018,Drake,35298214.0
Denmark,2018,KESI,33754719.0
Denmark,2019,Gilli,62124433.0
Denmark,2019,Post Malone,43405104.0
Denmark,2019,Ed Sheeran,42448045.0
Denmark,2019,Billie Eilish,37577698.0
Denmark,2019,KESI,31790410.0
Denmark,2020,"Branco, Gilli",43420232.0
Denmark,2020,Pop Smoke,34395659.0
Denmark,2020,Gilli,33400207.0
Denmark,2020,The Weeknd,32792226.0
Denmark,2020,Tessa,30027187.0
Denmark,2021,Justin Bieber,40029178.0
Denmark,2021,"Benny Jamz, Gilli, KESI, B.O.C",39544578.0
Denmark,2021,Ed Sheeran,30006993.0
Denmark,2021,Olivia Rodrigo,28425985.0
Denmark,2021,The Weeknd,27986532.0
Dominican Republic,2017,Ozuna,9017341.0
Dominican Republic,2017,Ed Sheeran,3901847.0
Dominican Republic,2017,Bad Bunny,3738510.0
Dominican Republic,2017,Maluma,3314866.0
Dominican Republic,2017,Romeo Santos,3245092.0
Dominican Republic,2018,Ozuna,9191551.0
Dominican Republic,2018,Bad Bunny,9010130.0
Dominican Republic,2018,Anuel AA,4543416.0
Dominican Republic,2018,Drake,3965387.0
Dominican Republic,2018,Maluma,3266329.0
Dominican Republic,2019,Bad Bunny,18867285.0
Dominican Republic,2019,Ozuna,7053996.0
Dominican Republic,2019,"J Balvin, Bad Bunny",6720134.0
Dominican Republic,2019,"Bad Bunny, Tainy",3542782.0
Dominican Republic,2019,"Jhay Cortez, J Balvin, Bad Bunny",3168039.0
Dominican Republic,2020,Bad Bunny,29430386.0
Dominican Republic,2020,Myke Towers,9820054.0
Dominican Republic,2020,J Balvin,5985456.0
Dominican Republic,2020,Camilo,5404580.0
Dominican Republic,2020,Rauw Alejandro,4936375.0
Dominican Republic,2021,Bad Bunny,23240251.0
Dominican Republic,2021,Rauw Alejandro,9715471.0
Dominican Republic,2021,Sech,5498201.0
Dominican Republic,2021,Myke Towers,5171575.0
Dominican Republic,2021,"Bad Bunny, Jhay Cortez",4781522.0
Ecuador,2017,Ed Sheeran,10208253.0
Ecuador,2017,Ozuna,8046935.0
Ecuador,2017,Maluma,7735502.0
Ecuador,2017,Nicky Jam,7481486.0
Ecuador,2017,Piso 21,6429727.0
Ecuador,2018,Maluma,9904902.0
Ecuador,2018,Piso 21,9069679.0
Ecuador,2018,Ozuna,8397766.0
Ecuador,2018,Bad Bunny,8395003.0
Ecuador,2018,Manuel Turizo,7648899.0
Ecuador,2019,Paulo Londra,19309662.0
Ecuador,2019,Maluma,13397407.0
Ecuador,2019,"J Balvin, Bad Bunny",11904113.0
Ecuador,2019,Bad Bunny,10584296.0
Ecuador,2019,"Sech, Darell",7809622.0
Ecuador,2020,Bad Bunny,44352512.0
Ecuador,2020,J Balvin,28696746.0
Ecuador,2020,Maluma,20117507.0
Ecuador,2020,Camilo,19321865.0
Ecuador,2020,Rauw Alejandro,10705965.0
Ecuador,2021,Bad Bunny,46654297.0
Ecuador,2021,Rauw Alejandro,20904743.0
Ecuador,2021,Maluma,15027271.0
Ecuador,2021,KAROL G,13885625.0
Ecuador,2021,Sech,12423917.0
Egypt,2019,Amr Diab,1081567.0
Egypt,2019,Marwan Pablo,655797.0
Egypt,2019,Post Malone,465936.0
Egypt,2019,Billie Eilish,453404.0
Egypt,2019,Wegz,435770.0
Egypt,2020,Wegz,13666844.0
Egypt,2020,Amr Diab,4686012.0
Egypt,2020,Marwan Moussa,4543400.0
Egypt,2020,Marwan Pablo,4215067.0
Egypt,2020,Billie Eilish,2801494.0
Egypt,2021,Wegz,17346980.0
Egypt,2021,Marwan Pablo,12568943.0
Egypt,2021,Marwan Moussa,8082914.0
Egypt,2021,Lege-Cy,6254727.0
Egypt,2021,Abyusif,4409320.0
El Salvador,2017,Ozuna,2818956.0
El Salvador,2017,Ed Sheeran,2812151.0
El Salvador,2017,Danny Ocean,2027966.0
El Salvador,2017,Maluma,1871582.0
El Salvador,2017,Nicky Jam,1655962.0
El Salvador,2018,Bad Bunny,3654410.0
El Salvador,2018,Ozuna,3189911.0
El Salvador,2018,Zion & Lennox,2390696.0
El Salvador,2018,Piso 21,2375297.0
El Salvador,2018,Danny Ocean,2348126.0
El Salvador,2019,Bad Bunny,6247655.0
El Salvador,2019,Paulo Londra,5381681.0
El Salvador,2019,"J Balvin, Bad Bunny",4098676.0
El Salvador,2019,Maluma,3679824.0
El Salvador,2019,"Bad Bunny, Tainy",2812188.0
El Salvador,2020,Bad Bunny,22775722.0
El Salvador,2020,J Balvin,9495742.0
El Salvador,2020,Maluma,6394997.0
El Salvador,2020,Camilo,5982787.0
El Salvador,2020,Rauw Alejandro,4084225.0
El Salvador,2021,Bad Bunny,25393495.0
El Salvador,2021,Rauw Alejandro,9577749.0
El Salvador,2021,"Bad Bunny, Jhay Cortez",5718636.0
El Salvador,2021,KAROL G,5504049.0
El Salvador,2021,Maluma,5340949.0
Estonia,2017,Ed Sheeran,1840865.0
Estonia,2017,Imagine Dragons,689846.0
Estonia,2017,Kendrick Lamar,604190.0
Estonia,2017,Clean Bandit,479656.0
Estonia,2017,"Calvin Harris, Funk Wav",390104.0
Estonia,2018,XXXTENTACION,1364381.0
Estonia,2018,nublu,1329158.0
Estonia,2018,Post Malone,1186375.0
Estonia,2018,Drake,911902.0
Estonia,2018,"nublu, Reket",802214.0
Estonia,2019,Billie Eilish,3122677.0
Estonia,2019,nublu,2185923.0
Estonia,2019,Post Malone,1685393.0
Estonia,2019,Ed Sheeran,1647753.0
Estonia,2019,Ariana Grande,1498402.0
Estonia,2020,nublu,3521804.0
Estonia,2020,The Weeknd,1920880.0
Estonia,2020,Billie Eilish,1419683.0
Estonia,2020,Juice WRLD,1384001.0
Estonia,2020,Harry Styles,1076386.0
Estonia,2021,Måneskin,3210976.0
Estonia,2021,Lil Nas X,2060778.0
Estonia,2021,Doja Cat,1890446.0
Estonia,2021,Olivia Rodrigo,1825955.0
Estonia,2021,The Weeknd,1600196.0
Finland,2017,JVG,45436735.0
Finland,2017,Antti Tuisku,35468199.0
Finland,2017,Ed Sheeran,34847671.0
Finland,2017,Haloo Helsinki!,26650971.0
Finland,2017,"Profeetat, Cheek, Elastinen",20102391.0
Finland,2018,XXXTENTACION,24112190.0
Finland,2018,JVG,21879807.0
Finland,2018,Post Malone,21662789.0
Finland,2018,Evelina,21562836.0
Finland,2018,SANNI,19813803.0
Finland,2019,JVG,49036400.0
Finland,2019,Billie Eilish,31575179.0
Finland,2019,Ed Sheeran,25555049.0
Finland,2019,Post Malone,24402121.0
Finland,2019,Gettomasa,22907031.0
Finland,2020,BEHM,43650334.0
Finland,2020,william,24549565.0
Finland,2020,JVG,23429923.0
Finland,2020,The Weeknd,20719137.0
Finland,2020,Pyhimys,19665461.0
Finland,2021,Måneskin,30546524.0
Finland,2021,BEHM,23000746.0
Finland,2021,Haloo Helsinki!,21321537.0
Finland,2021,Olivia Rodrigo,16353520.0
Finland,2021,The Weeknd,15447806.0
France,2017,Damso,151413618.0
France,2017,Niska,134044151.0
France,2017,Ninho,107643389.0
France,2017,Orelsan,90986609.0
France,2017,PNL,85873980.0
France,2018,Damso,201889083.0
France,2018,Ninho,134976456.0
France,2018,Aya Nakamura,96838837.0
France,2018,Dadju,80023016.0
France,2018,Koba LaD,79629396.0
France,2019,Ninho,358363796.0
France,2019,PNL,294433424.0
France,2019,Nekfeu,142490262.0
France,2019,Niska,127850043.0
France,2019,Aya Nakamura,111346474.0
France,2020,Ninho,314215272.0
France,2020,PLK,149911266.0
France,2020,Jul,128498769.0
France,2020,Gambi,116649252.0
France,2020,Aya Nakamura,112870614.0
France,2021,SCH,144118552.0
France,2021,Damso,132204611.0
France,2021,Jul,124674800.0
France,2021,OBOY,117848718.0
France,2021,Ninho,111092856.0
Germany,2017,Ed Sheeran,250690656.0
Germany,2017,Imagine Dragons,95763926.0
Germany,2017,"Bonez MC, RAF Camora",68105962.0
Germany,2017,Jason Derulo,63948736.0
Germany,2017,Clean Bandit,63334520.0
Germany,2018,Capital Bra,274176555.0
Germany,2018,"Bonez MC, RAF Camora",162268126.0
Germany,2018,Drake,131996754.0
Germany,2018,Post Malone,122370661.0
Germany,2018,XXXTENTACION,101490353.0
Germany,2019,Apache 207,393939900.0
Germany,2019,Capital Bra,328568492.0
Germany,2019,MERO,224719718.0
Germany,2019,"Capital Bra, Samra",190786565.0
Germany,2019,Summer Cem,169833732.0
Germany,2020,Apache 207,541632541.0
Germany,2020,Bonez MC,213623576.0
Germany,2020,Samra,181057453.0
Germany,2020,The Weeknd,142675268.0
Germany,2020,Luciano,137304462.0
Germany,2021,Olivia Rodrigo,146756408.0
Germany,2021,Apache 207,138292002.0
Germany,2021,Lil Nas X,127931869.0
Germany,2021,Måneskin,125287182.0
Germany,2021,The Weeknd,116913406.0
Global,2017,Ed Sheeran,4526988042.0
Global,2017,Kendrick Lamar,1780347270.0
Global,2017,Drake,1361655753.0
Global,2017,Imagine Dragons,1149847381.0
Global,2017,Clean Bandit,1043145461.0
Global,2018,Drake,3699735767.0
Global,2018,Post Malone,3593382199.0
Global,2018,XXXTENTACION,3476900157.0
Global,2018,Ed Sheeran,1843401689.0
Global,2018,Ariana Grande,1712529440.0
Global,2019,Billie Eilish,4307617660.0
Global,2019,Post Malone,3832518003.0
Global,2019,Ariana Grande,3359017780.0
Global,2019,Ed Sheeran,3118912731.0
Global,2019,Lil Nas X,1376412319.0
Global,2020,Juice WRLD,2646394526.0
Global,2020,The Weeknd,2584034546.0
Global,2020,Billie Eilish,2567696633.0
Global,2020,Dua Lipa,2154795044.0
Global,2020,Harry Styles,1976688397.0
Global,2021,Olivia Rodrigo,4995366282.0
Global,2021,Doja Cat,2738570054.0
Global,2021,The Weeknd,2637264224.0
Global,2021,Lil Nas X,2492471969.0
Global,2021,Justin Bieber,2387214347.0
Greece,2017,Ed Sheeran,3190910.0
Greece,2017,Imagine Dragons,1407999.0
Greece,2017,Kendrick Lamar,1394617.0
Greece,2017,DJ Khaled,1068081.0
Greece,2017,Clean Bandit,1034280.0
Greece,2018,Drake,4903320.0
Greece,2018,XXXTENTACION,3418605.0
Greece,2018,Ariana Grande,3309347.0
Greece,2018,Eminem,2707117.0
Greece,2018,Post Malone,2603240.0
Greece,2019,TOQUEL,10031213.0
Greece,2019,Billie Eilish,8094444.0
Greece,2019,Light,7606698.0
Greece,2019,Ariana Grande,7288994.0
Greece,2019,Sin Boy,6970037.0
Greece,2020,SNIK,21905193.0
Greece,2020,Pop Smoke,10541290.0
Greece,2020,Mad Clip,9864633.0
Greece,2020,Travis Scott,7693950.0
Greece,2020,The Weeknd,7154200.0
Greece,2021,"Light, Hawk",22516420.0
Greece,2021,Light,20112930.0
Greece,2021,Mad Clip,13952335.0
Greece,2021,SNIK,13018291.0
Greece,2021,Måneskin,11585521.0
Guatemala,2017,Ozuna,6118531.0
Guatemala,2017,Ed Sheeran,4986688.0
Guatemala,2017,Maluma,4064908.0
Guatemala,2017,Nicky Jam,4061733.0
Guatemala,2017,Danny Ocean,3604185.0
Guatemala,2018,Ozuna,6979145.0
Guatemala,2018,Bad Bunny,6615034.0
Guatemala,2018,Piso 21,5596440.0
Guatemala,2018,Maluma,4912457.0
Guatemala,2018,Danny Ocean,4700115.0
Guatemala,2019,Paulo Londra,12590436.0
Guatemala,2019,Bad Bunny,11847384.0
Guatemala,2019,"J Balvin, Bad Bunny",8734142.0
Guatemala,2019,Maluma,7555062.0
Guatemala,2019,"Bad Bunny, Tainy",5776668.0
Guatemala,2020,Bad Bunny,42306214.0
Guatemala,2020,Christian Nodal,24546412.0
Guatemala,2020,J Balvin,20956851.0
Guatemala,2020,Camilo,13373086.0
Guatemala,2020,Maluma,13175471.0
Guatemala,2021,Bad Bunny,43494461.0
Guatemala,2021,Christian Nodal,23151838.0
Guatemala,2021,Rauw Alejandro,16537094.0
Guatemala,2021,KAROL G,11837805.0
Guatemala,2021,Maluma,11791914.0
Honduras,2017,Ed Sheeran,3493198.0
Honduras,2017,Ozuna,3425974.0
Honduras,2017,Danny Ocean,2228584.0
Honduras,2017,Maluma,2145371.0
Honduras,2017,Nicky Jam,2138452.0
Honduras,2018,Bad Bunny,4063876.0
Honduras,2018,Ozuna,2642469.0
Honduras,2018,Danny Ocean,2094895.0
Honduras,2018,Zion & Lennox,2018952.0
Honduras,2018,Drake,1950433.0
Honduras,2019,Bad Bunny,7433989.0
Honduras,2019,"J Balvin, Bad Bunny",4593101.0
Honduras,2019,Paulo Londra,3561624.0
Honduras,2019,"Bad Bunny, Tainy",2587708.0
Honduras,2019,Maluma,2471371.0
Honduras,2020,Bad Bunny,22460879.0
Honduras,2020,J Balvin,7291063.0
Honduras,2020,Christian Nodal,5902104.0
Honduras,2020,Maluma,4208603.0
Honduras,2020,Myke Towers,4095527.0
Honduras,2021,Bad Bunny,22708351.0
Honduras,2021,Rauw Alejandro,5880562.0
Honduras,2021,Christian Nodal,4635405.0
Honduras,2021,"Bad Bunny, Jhay Cortez",4298765.0
Honduras,2021,Olivia Rodrigo,4028264.0
Hong Kong,2017,Ed Sheeran,15075796.0
Hong Kong,2017,Dear Jane,6842154.0
Hong Kong,2017,Charlie Puth,6148791.0
Hong Kong,2017,Jason Chan,5216972.0
Hong Kong,2017,The Chainsmokers,4778301.0
Hong Kong,2018,Ed Sheeran,7941244.0
Hong Kong,2018,Hins Cheung,6191643.0
Hong Kong,2018,Jay Chou,5936294.0
Hong Kong,2018,Ariana Grande,5623078.0
Hong Kong,2018,Charlie Puth,5490268.0
Hong Kong,2019,Ed Sheeran,13633470.0
Hong Kong,2019,Hins Cheung,10852271.0
Hong Kong,2019,Ariana Grande,10838479.0
Hong Kong,2019,Billie Eilish,9437809.0
Hong Kong,2019,Taylor Swift,6914211.0
Hong Kong,2020,Dear Jane,13249456.0
Hong Kong,2020,BLACKPINK,11590755.0
Hong Kong,2020,Eason Chan,8964524.0
Hong Kong,2020,BTS,7935989.0
Hong Kong,2020,Hins Cheung,7268391.0
Hong Kong,2021,Terence Lam,27812886.0
Hong Kong,2021,Dear Jane,19918002.0
Hong Kong,2021,陳卓賢 Ian,13850011.0
Hong Kong,2021,Jer 柳應廷,11541998.0
Hong Kong,2021,Hins Cheung,11084814.0
Hungary,2017,Ed Sheeran,8018808.0
Hungary,2017,Imagine Dragons,5120180.0
Hungary,2017,Clean Bandit,3048555.0
Hungary,2017,Kygo,2069982.0
Hungary,2017,Charlie Puth,1965787.0
Hungary,2018,Imagine Dragons,6009658.0
Hungary,2018,XXXTENTACION,4417081.0
Hungary,2018,Eminem,4330258.0
Hungary,2018,Post Malone,4287362.0
Hungary,2018,Drake,3621073.0
Hungary,2019,Billie Eilish,12727243.0
Hungary,2019,Post Malone,10407713.0
Hungary,2019,Follow The Flow,8797935.0
Hungary,2019,Ed Sheeran,7762148.0
Hungary,2019,Ariana Grande,7182210.0
Hungary,2020,Follow The Flow,8825426.0
Hungary,2020,Billie Eilish,8671069.0
Hungary,2020,Dua Lipa,8566892.0
Hungary,2020,Juice WRLD,7823398.0
Hungary,2020,Ava Max,7777915.0
Hungary,2021,"Azahriah, DESH",10462716.0
Hungary,2021,Lil Nas X,9918741.0
Hungary,2021,Olivia Rodrigo,9517954.0
Hungary,2021,Dua Lipa,9369004.0
Hungary,2021,Måneskin,8610340.0
Iceland,2017,Aron Can,4449255.0
Iceland,2017,Ed Sheeran,3492234.0
Iceland,2017,"JóiPé, Króli",3479278.0
Iceland,2017,Floni,1858781.0
Iceland,2017,Kendrick Lamar,1653913.0
Iceland,2018,"JóiPé, Króli",7896755.0
Iceland,2018,Drake,3564237.0
Iceland,2018,XXXTENTACION,3476365.0
Iceland,2018,Post Malone,3302989.0
Iceland,2018,Floni,3165333.0
Iceland,2019,Billie Eilish,6995423.0
Iceland,2019,Ed Sheeran,3502805.0
Iceland,2019,Post Malone,3415302.0
Iceland,2019,Herra Hnetusmjör,3290043.0
Iceland,2019,Floni,3265929.0
Iceland,2020,Pop Smoke,4799059.0
Iceland,2020,BRÍET,4777754.0
Iceland,2020,Hafdís Huld,3779232.0
Iceland,2020,The Weeknd,3484788.0
Iceland,2020,Billie Eilish,2617795.0
Iceland,2021,Hafdís Huld,6928800.0
Iceland,2021,BRÍET,3503614.0
Iceland,2021,Birnir,3106543.0
Iceland,2021,Olivia Rodrigo,3020177.0
Iceland,2021,Bubbi Morthens,2561797.0
India,2019,Post Malone,33804506.0
India,2019,"Shawn Mendes, Camila Cabello",24224127.0
India,2019,"Arijit Singh, Mithoon",21425900.0
India,2019,Arijit Singh,20403235.0
India,2019,Billie Eilish,19401005.0
India,2020,"Pritam, Arijit Singh",100433531.0
India,2020,BTS,88661485.0
India,2020,Ritviz,63933539.0
India,2020,Arijit Singh,61915619.0
India,2020,Justin Bieber,58830225.0
India,2021,BTS,170732233.0
India,2021,"Pritam, Arijit Singh",139099142.0
India,2021,Arijit Singh,92384027.0
India,2021,"Tanishk Bagchi, Jubin Nautiyal, Asees Kaur",82086968.0
India,2021,Lil Nas X,72129619.0
Indonesia,2017,Ed Sheeran,64286517.0
Indonesia,2017,Payung Teduh,30628554.0
Indonesia,2017,Bruno Mars,30567625.0
Indonesia,2017,Charlie Puth,24598219.0
Indonesia,2017,Clean Bandit,24550446.0
Indonesia,2018,BLACKPINK,45794364.0
Indonesia,2018,Ed Sheeran,45439843.0
Indonesia,2018,Fourtwnty,42106928.0
Indonesia,2018,Sheila On 7,35351668.0
Indonesia,2018,Maroon 5,28732822.0
Indonesia,2019,Andmesh,117645574.0
Indonesia,2019,Ed Sheeran,97274869.0
Indonesia,2019,Fiersa Besari,96724067.0
Indonesia,2019,Ariana Grande,80362062.0
Indonesia,2019,BLACKPINK,61807487.0
Indonesia,2020,Pamungkas,205848038.0
Indonesia,2020,BTS,137728746.0
Indonesia,2020,Andmesh,110085113.0
Indonesia,2020,Fiersa Besari,105772722.0
Indonesia,2020,Hindia,104002679.0
Indonesia,2021,Pamungkas,214087268.0
Indonesia,2021,Olivia Rodrigo,204061287.0
Indonesia,2021,BTS,140118221.0
Indonesia,2021,Nadin Amizah,78001948.0
Indonesia,2021,Ariana Grande,75993722.0
Ireland,2017,Ed Sheeran,58882772.0
Ireland,2017,Clean Bandit,10885707.0
Ireland,2017,Picture This,10458708.0
Ireland,2017,Dua Lipa,9976910.0
Ireland,2017,Drake,9814310.0
Ireland,2018,Drake,30350041.0
Ireland,2018,Post Malone,30116975.0
Ireland,2018,Ariana Grande,21269614.0
Ireland,2018,XXXTENTACION,18910074.0
Ireland,2018,George Ezra,18057877.0
Ireland,2019,Lewis Capaldi,51679109.0
Ireland,2019,Billie Eilish,41149393.0
Ireland,2019,Ariana Grande,33634245.0
Ireland,2019,Post Malone,32711866.0
Ireland,2019,Ed Sheeran,31270958.0
Ireland,2020,Dermot Kennedy,27862276.0
Ireland,2020,Lewis Capaldi,26944394.0
Ireland,2020,Juice WRLD,25607078.0
Ireland,2020,Harry Styles,23130216.0
Ireland,2020,Dua Lipa,22568674.0
Ireland,2021,Olivia Rodrigo,51111349.0
Ireland,2021,Ed Sheeran,26065780.0
Ireland,2021,Dermot Kennedy,20233655.0
Ireland,2021,Doja Cat,19135338.0
Ireland,2021,Lil Nas X,18011371.0
Israel,2018,Omer Adam,5381697.0
Israel,2018,Drake,4295277.0
Israel,2018,XXXTENTACION,2387596.0
Israel,2018,Post Malone,2369653.0
Israel,2018,Ariana Grande,2281976.0
Israel,2019,Eden Hason,17289927.0
Israel,2019,Omer Adam,11945235.0
Israel,2019,Ishay Ribo,7604236.0
Israel,2019,Billie Eilish,7382679.0
Israel,2019,Ariana Grande,6773184.0
Israel,2020,Eden Hason,20545751.0
Israel,2020,Hanan Ben Ari,12814525.0
Israel,2020,Omer Adam,10734227.0
Israel,2020,Ishay Ribo,9500597.0
Israel,2020,Itay Levi,8612731.0
Israel,2021,Eden Hason,21775150.0
Israel,2021,Omer Adam,17552658.0
Israel,2021,Hanan Ben Ari,12644812.0
Israel,2021,Raviv Kaner,11683675.0
Israel,2021,Lil Nas X,10249666.0
Italy,2017,Ed Sheeran,100332420.0
Italy,2017,Ghali,95554501.0
Italy,2017,"J-AX, Fedez",62874895.0
Italy,2017,Coez,58975900.0
Italy,2017,Sfera Ebbasta,50491145.0
Italy,2018,Sfera Ebbasta,325552128.0
Italy,2018,Capo Plaza,209329350.0
Italy,2018,Salmo,183047445.0
Italy,2018,Gemitaiz,143236156.0
Italy,2018,Ultimo,114434542.0
Italy,2019,Ultimo,314703489.0
Italy,2019,tha Supreme,226962350.0
Italy,2019,Salmo,205930913.0
Italy,2019,Coez,142003959.0
Italy,2019,Marracash,133018002.0
Italy,2020,tha Supreme,177484268.0
Italy,2020,Ghali,161604567.0
Italy,2020,Sfera Ebbasta,144029398.0
Italy,2020,Marracash,120865929.0
Italy,2020,Ernia,102453460.0
Italy,2021,BLANCO,276454011.0
Italy,2021,sangiovanni,222021895.0
Italy,2021,Måneskin,212289875.0
Italy,2021,Madame,156643634.0
Italy,2021,Capo Plaza,137196026.0
Japan,2017,Ed Sheeran,15955703.0
Japan,2017,TWICE,11332754.0
Japan,2017,Shota Shimizu,11231606.0
Japan,2017,ONE OK ROCK,10980269.0
Japan,2017,AAA,8118976.0
Japan,2018,TWICE,29495771.0
Japan,2018,ONE OK ROCK,23786582.0
Japan,2018,Shota Shimizu,20703101.0
Japan,2018,Aimyon,20530495.0
Japan,2018,BTS,17415693.0
Japan,2019,Aimyon,131986351.0
Japan,2019,Official HIGE DANdism,124150136.0
Japan,2019,King Gnu,57352764.0
Japan,2019,back number,46643445.0
Japan,2019,ONE OK ROCK,45101653.0
Japan,2020,Official HIGE DANdism,406558359.0
Japan,2020,King Gnu,195959014.0
Japan,2020,Aimyon,182673144.0
Japan,2020,Mrs. GREEN APPLE,138437951.0
Japan,2020,YOASOBI,129040680.0
Japan,2021,YOASOBI,474863279.0
Japan,2021,BTS,339861624.0
Japan,2021,Official HIGE DANdism,255310539.0
Japan,2021,優里,166122970.0
Japan,2021,Vaundy,153488135.0
Latvia,2017,Ed Sheeran,1708884.0
Latvia,2017,Imagine Dragons,1108663.0
Latvia,2017,Kendrick Lamar,1048658.0
Latvia,2017,Clean Bandit,526065.0
Latvia,2017,"Calvin Harris, Funk Wav",522190.0
Latvia,2018,XXXTENTACION,2401216.0
Latvia,2018,Post Malone,2211935.0
Latvia,2018,Drake,1749141.0
Latvia,2018,Prāta Vētra,1256737.0
Latvia,2018,Eminem,952602.0
Latvia,2019,Billie Eilish,3982981.0
Latvia,2019,Post Malone,2613990.0
Latvia,2019,Ed Sheeran,1725295.0
Latvia,2019,Ariana Grande,1583912.0
Latvia,2019,Lil Nas X,1211144.0
Latvia,2020,Juice WRLD,2151904.0
Latvia,2020,Billie Eilish,2056164.0
Latvia,2020,The Weeknd,1972943.0
Latvia,2020,Travis Scott,1767460.0
Latvia,2020,Harry Styles,1760311.0
Latvia,2021,Måneskin,3558713.0
Latvia,2021,Olivia Rodrigo,2367284.0
Latvia,2021,Doja Cat,2322261.0
Latvia,2021,Lil Nas X,2019565.0
Latvia,2021,The Weeknd,1832767.0
Lithuania,2017,Ed Sheeran,1579482.0
Lithuania,2017,Imagine Dragons,921201.0
Lithuania,2017,Kendrick Lamar,657242.0
Lithuania,2017,"Calvin Harris, Funk Wav",631633.0
Lithuania,2017,Clean Bandit,553820.0
Lithuania,2018,Drake,1345627.0
Lithuania,2018,XXXTENTACION,1248859.0
Lithuania,2018,Post Malone,1210326.0
Lithuania,2018,Ariana Grande,1114212.0
Lithuania,2018,Eminem,603130.0
Lithuania,2019,Billie Eilish,4398051.0
Lithuania,2019,Post Malone,2150695.0
Lithuania,2019,Ariana Grande,1947486.0
Lithuania,2019,Ed Sheeran,1686719.0
Lithuania,2019,Tones And I,1195345.0
Lithuania,2020,The Weeknd,3061199.0
Lithuania,2020,Billie Eilish,2657173.0
Lithuania,2020,OG Version,2525247.0
Lithuania,2020,Dua Lipa,2374345.0
Lithuania,2020,Harry Styles,2323688.0
Lithuania,2021,Måneskin,9776153.0
Lithuania,2021,Doja Cat,3249425.0
Lithuania,2021,The Weeknd,3190152.0
Lithuania,2021,Olivia Rodrigo,2762221.0
Lithuania,2021,Lil Nas X,2682327.0
Luxembourg,2017,Ed Sheeran,809786.0
Luxembourg,2017,Luis Fonsi,257174.0
Luxembourg,2017,"Luis Fonsi, Daddy Yankee, Justin Bieber",247378.0
Luxembourg,2017,"The Chainsmokers, Coldplay",224007.0
Luxembourg,2017,Clean Bandit,215138.0
Luxembourg,2018,Drake,34080.0
Luxembourg,2018,Michael Bublé,29588.0
Luxembourg,2018,Mariah Carey,19904.0
Luxembourg,2018,Dean Martin,14744.0
Luxembourg,2018,Frank Sinatra,14625.0
Luxembourg,2019,Tones And I,95260.0
Luxembourg,2019,Post Malone,74826.0
Luxembourg,2019,Ed Sheeran,62632.0
Luxembourg,2019,Maroon 5,47247.0
Luxembourg,2019,"Shawn Mendes, Camila Cabello",46837.0
Luxembourg,2020,Pop Smoke,240274.0
Luxembourg,2020,Michael Bublé,102663.0
Luxembourg,2020,Ariana Grande,86216.0
Luxembourg,2020,Mariah Carey,80729.0
Luxembourg,2020,The Weeknd,68647.0
Luxembourg,2021,Lil Nas X,122326.0
Luxembourg,2021,Drake,121543.0
Luxembourg,2021,The Weeknd,103300.0
Luxembourg,2021,Olivia Rodrigo,100199.0
Luxembourg,2021,Måneskin,86967.0
Malaysia,2017,Ed Sheeran,36741758.0
Malaysia,2017,Charlie Puth,13333821.0
Malaysia,2017,Bruno Mars,12622744.0
Malaysia,2017,Clean Bandit,11602743.0
Malaysia,2017,The Chainsmokers,9735190.0
Malaysia,2018,Ed Sheeran,19230063.0
Malaysia,2018,BTS,15862090.0
Malaysia,2018,Ariana Grande,14885220.0
Malaysia,2018,Lauv,14054602.0
Malaysia,2018,Camila Cabello,12313876.0
Malaysia,2019,Ed Sheeran,32962052.0
Malaysia,2019,Ariana Grande,30537825.0
Malaysia,2019,Billie Eilish,27074256.0
Malaysia,2019,BLACKPINK,24792135.0
Malaysia,2019,Post Malone,24652761.0
Malaysia,2020,BTS,42699686.0
Malaysia,2020,BLACKPINK,37655062.0
Malaysia,2020,Ariana Grande,23977878.0
Malaysia,2020,Justin Bieber,22899939.0
Malaysia,2020,Billie Eilish,21056576.0
Malaysia,2021,Olivia Rodrigo,47079777.0
Malaysia,2021,BTS,42363742.0
Malaysia,2021,Justin Bieber,28713110.0
Malaysia,2021,Doja Cat,21115753.0
Malaysia,2021,Ariana Grande,21111831.0
Mexico,2017,Maluma,192912141.0
Mexico,2017,Ed Sheeran,174074228.0
Mexico,2017,Ozuna,169811278.0
Mexico,2017,Danny Ocean,129703973.0
Mexico,2017,Nicky Jam,117741573.0
Mexico,2018,Luis Miguel,265887006.0
Mexico,2018,Maluma,190255106.0
Mexico,2018,Ozuna,178509283.0
Mexico,2018,Banda MS de Sergio Lizárraga,155933475.0
Mexico,2018,Danny Ocean,148543136.0
Mexico,2019,Maluma,240900872.0
Mexico,2019,Paulo Londra,237346144.0
Mexico,2019,"J Balvin, Bad Bunny",169875618.0
Mexico,2019,Christian Nodal,169340942.0
Mexico,2019,Bad Bunny,168340848.0
Mexico,2020,Bad Bunny,735345649.0
Mexico,2020,Christian Nodal,475370645.0
Mexico,2020,J Balvin,456926086.0
Mexico,2020,Maluma,314828614.0
Mexico,2020,Camilo,191845329.0
Mexico,2021,Bad Bunny,530783991.0
Mexico,2021,Rauw Alejandro,316528089.0
Mexico,2021,Christian Nodal,284719981.0
Mexico,2021,The Weeknd,204510294.0
Mexico,2021,Maluma,201168876.0
Morocco,2019,Hatim Ammor,672154.0
Morocco,2019,ElGrandeToto,648309.0
Morocco,2019,Saad Lamjarred,543537.0
Morocco,2019,Naar,532799.0
Morocco,2019,Soolking,523455.0
Morocco,2020,ElGrandeToto,5114648.0
Morocco,2020,Inkonnu,3558413.0
Morocco,2020,Snor,3267714.0
Morocco,2020,Stormy,3133945.0
Morocco,2020,7ari,2593545.0
Morocco,2021,ElGrandeToto,37933124.0
Morocco,2021,Inkonnu,14871451.0
Morocco,2021,Draganov,7516855.0
Morocco,2021,Snor,6065055.0
Morocco,2021,Tagne,5338085.0
Netherlands,2017,Ed Sheeran,170174108.0
Netherlands,2017,Lil Kleine,83758920.0
Netherlands,2017,Boef,63169751.0
Netherlands,2017,Clean Bandit,48435983.0
Netherlands,2017,Broederliefde,44940770.0
Netherlands,2018,Drake,84366480.0
Netherlands,2018,Josylvio,73609320.0
Netherlands,2018,Post Malone,58635476.0
Netherlands,2018,Boef,58546728.0
Netherlands,2018,XXXTENTACION,56970171.0
Netherlands,2019,Snelle,101376209.0
Netherlands,2019,Ed Sheeran,93741864.0
Netherlands,2019,Billie Eilish,88601019.0
Netherlands,2019,Post Malone,82032153.0
Netherlands,2019,Ariana Grande,62152672.0
Netherlands,2020,The Weeknd,86266980.0
Netherlands,2020,Snelle,79959605.0
Netherlands,2020,Dua Lipa,71283314.0
Netherlands,2020,Pop Smoke,67859738.0
Netherlands,2020,Justin Bieber,67324781.0
Netherlands,2021,Olivia Rodrigo,97714397.0
Netherlands,2021,Justin Bieber,84118120.0
Netherlands,2021,Ed Sheeran,63212407.0
Netherlands,2021,Suzan & Freek,62922675.0
Netherlands,2021,The Kid LAROI,58385356.0
New Zealand,2017,Ed Sheeran,58211713.0
New Zealand,2017,Kendrick Lamar,20586343.0
New Zealand,2017,Khalid,13192740.0
New Zealand,2017,Lorde,12772052.0
New Zealand,2017,Bruno Mars,12539391.0
New Zealand,2018,Post Malone,42809856.0
New Zealand,2018,XXXTENTACION,33743991.0
New Zealand,2018,Drake,30062626.0
New Zealand,2018,SIX60,26935018.0
New Zealand,2018,Ed Sheeran,26438967.0
New Zealand,2019,Billie Eilish,44637883.0
New Zealand,2019,Post Malone,36177345.0
New Zealand,2019,SIX60,34755981.0
New Zealand,2019,Ed Sheeran,34405142.0
New Zealand,2019,Khalid,28138990.0
New Zealand,2020,SIX60,48969149.0
New Zealand,2020,L.A.B.,26552382.0
New Zealand,2020,Pop Smoke,21356667.0
New Zealand,2020,Harry Styles,21223960.0
New Zealand,2020,Lewis Capaldi,20548243.0
New Zealand,2021,SIX60,44570868.0
New Zealand,2021,Olivia Rodrigo,34260227.0
New Zealand,2021,L.A.B.,28339935.0
New Zealand,2021,Doja Cat,22661249.0
New Zealand,2021,Ed Sheeran,20777662.0
Nicaragua,2017,Luis Fonsi,614228.0
Nicaragua,2017,Ed Sheeran,605177.0
Nicaragua,2017,Danny Ocean,509744.0
Nicaragua,2017,Zion & Lennox,353076.0
Nicaragua,2017,Maluma,321547.0
Nicaragua,2018,Bad Bunny,58539.0
Nicaragua,2018,Ozuna,10565.0
Nicaragua,2018,Daddy Yankee,9591.0
Nicaragua,2018,"Bad Bunny, Prince Royce, J Balvin, Mambo Kingz, DJ Luian",6681.0
Nicaragua,2018,Danny Ocean,6247.0
Nicaragua,2019,"J Balvin, Bad Bunny",1438566.0
Nicaragua,2019,"Anuel AA, Daddy Yankee, KAROL G, J Balvin, Ozuna",966794.0
Nicaragua,2019,Bad Bunny,925121.0
Nicaragua,2019,"Bad Bunny, Tainy",903811.0
Nicaragua,2019,"Jhay Cortez, J Balvin, Bad Bunny",726184.0
Nicaragua,2020,Bad Bunny,9799582.0
Nicaragua,2020,J Balvin,3449994.0
Nicaragua,2020,Christian Nodal,2219539.0
Nicaragua,2020,Maluma,2018075.0
Nicaragua,2020,Myke Towers,1902880.0
Nicaragua,2021,Bad Bunny,11143118.0
Nicaragua,2021,Rauw Alejandro,2643971.0
Nicaragua,2021,"Bad Bunny, Jhay Cortez",2303051.0
Nicaragua,2021,Christian Nodal,2061937.0
Nicaragua,2021,Olivia Rodrigo,1902470.0
Norway,2017,Ed Sheeran,90062963.0
Norway,2017,Astrid S,44317048.0
Norway,2017,Kygo,35204227.0
Norway,2017,Alan Walker,31440612.0
Norway,2017,Clean Bandit,30107452.0
Norway,2018,Post Malone,57918034.0
Norway,2018,XXXTENTACION,50981211.0
Norway,2018,Drake,39411477.0
Norway,2018,Ed Sheeran,29936513.0
Norway,2018,Eminem,26723257.0
Norway,2019,Billie Eilish,68588858.0
Norway,2019,Post Malone,58954180.0
Norway,2019,Ed Sheeran,45875289.0
Norway,2019,Ariana Grande,31674458.0
Norway,2019,Tones And I,28625954.0
Norway,2020,TIX,57344320.0
Norway,2020,The Weeknd,47700302.0
Norway,2020,Lewis Capaldi,41809742.0
Norway,2020,Ava Max,39626737.0
Norway,2020,Billie Eilish,39209451.0
Norway,2021,Olivia Rodrigo,54206737.0
Norway,2021,TIX,44355507.0
Norway,2021,Justin Bieber,35974943.0
Norway,2021,The Kid LAROI,35900537.0
Norway,2021,The Weeknd,30762497.0
Panama,2017,Ozuna,6129704.0
Panama,2017,Ed Sheeran,3837899.0
Panama,2017,Nicky Jam,3184090.0
Panama,2017,Maluma,2541424.0
Panama,2017,Shakira,2397271.0
Panama,2018,Ozuna,7259671.0
Panama,2018,Bad Bunny,5424708.0
Panama,2018,Sech,4097038.0
Panama,2018,Anuel AA,2937409.0
Panama,2018,Manuel Turizo,2808031.0
Panama,2019,Bad Bunny,9839934.0
Panama,2019,Sech,8932624.0
Panama,2019,"J Balvin, Bad Bunny",5379802.0
Panama,2019,Paulo Londra,4945052.0
Panama,2019,Ozuna,4601893.0
Panama,2020,Bad Bunny,18827054.0
Panama,2020,Boza,9968955.0
Panama,2020,J Balvin,8005828.0
Panama,2020,Myke Towers,6731196.0
Panama,2020,Camilo,5947811.0
Panama,2021,Bad Bunny,15638747.0
Panama,2021,Boza,14952296.0
Panama,2021,Sech,9486172.0
Panama,2021,Rauw Alejandro,8181154.0
Panama,2021,Olivia Rodrigo,4685466.0
Paraguay,2017,Ozuna,7173748.0
Paraguay,2017,Ed Sheeran,4921077.0
Paraguay,2017,Nicky Jam,4348653.0
Paraguay,2017,Piso 21,4284069.0
Paraguay,2017,Maluma,4020142.0
Paraguay,2018,Ozuna,8061948.0
Paraguay,2018,Bad Bunny,7951103.0
Paraguay,2018,Piso 21,6995419.0
Paraguay,2018,Anuel AA,6452638.0
Paraguay,2018,Paulo Londra,5405287.0
Paraguay,2019,Paulo Londra,17814303.0
Paraguay,2019,Bad Bunny,10642381.0
Paraguay,2019,"J Balvin, Bad Bunny",7954582.0
Paraguay,2019,"Bad Bunny, Tainy",6290257.0
Paraguay,2019,"Sech, Darell",5974025.0
Paraguay,2020,Bad Bunny,35490094.0
Paraguay,2020,J Balvin,17688104.0
Paraguay,2020,Maluma,13814118.0
Paraguay,2020,Myke Towers,11776718.0
Paraguay,2020,Rauw Alejandro,11380207.0
Paraguay,2021,Bad Bunny,32877888.0
Paraguay,2021,Rauw Alejandro,17993146.0
Paraguay,2021,Sech,13573762.0
Paraguay,2021,"Myke Towers, Juhn",11759971.0
Paraguay,2021,Maluma,11465664.0
Peru,2017,Ozuna,31715034.0
Peru,2017,Ed Sheeran,31448656.0
Peru,2017,Maluma,29908022.0
Peru,2017,Nicky Jam,28023131.0
Peru,2017,Danny Ocean,22733008.0
Peru,2018,Maluma,37576488.0
Peru,2018,Ozuna,33544795.0
Peru,2018,Piso 21,32835371.0
Peru,2018,Bad Bunny,30620760.0
Peru,2018,Danny Ocean,25514787.0
Peru,2019,Paulo Londra,58929939.0
Peru,2019,Maluma,44381363.0
Peru,2019,"J Balvin, Bad Bunny",34430321.0
Peru,2019,Bad Bunny,32501268.0
Peru,2019,Daniela Darcourt,30533501.0
Peru,2020,Bad Bunny,77745474.0
Peru,2020,Camilo,61091756.0
Peru,2020,Maluma,52955527.0
Peru,2020,J Balvin,51584692.0
Peru,2020,Rauw Alejandro,32800199.0
Peru,2021,Bad Bunny,64195943.0
Peru,2021,Rauw Alejandro,57278212.0
Peru,2021,Maluma,39310884.0
Peru,2021,BTS,37536847.0
Peru,2021,KAROL G,34031199.0
Philippines,2017,Ed Sheeran,196795860.0
Philippines,2017,Bruno Mars,112082581.0
Philippines,2017,Moira Dela Torre,61380273.0
Philippines,2017,LANY,56323962.0
Philippines,2017,James Arthur,52239272.0
Philippines,2018,LANY,156981779.0
Philippines,2018,Moira Dela Torre,136486839.0
Philippines,2018,Ed Sheeran,93464240.0
Philippines,2018,Ben&Ben,92200257.0
Philippines,2018,Maroon 5,69385275.0
Philippines,2019,December Avenue,184812807.0
Philippines,2019,Ben&Ben,170970756.0
Philippines,2019,This Band,136359046.0
Philippines,2019,LANY,121158479.0
Philippines,2019,Ed Sheeran,118120404.0
Philippines,2020,Ben&Ben,297135053.0
Philippines,2020,BLACKPINK,139684391.0
Philippines,2020,BTS,119832524.0
Philippines,2020,Taylor Swift,101044881.0
Philippines,2020,Justin Bieber,96309666.0
Philippines,2021,Olivia Rodrigo,230449873.0
Philippines,2021,Ben&Ben,183217169.0
Philippines,2021,BTS,171953213.0
Philippines,2021,Taylor Swift,132770946.0
Philippines,2021,Justin Bieber,121371738.0
Poland,2017,Ed Sheeran,47513772.0
Poland,2017,Taco Hemingway,29061733.0
Poland,2017,Imagine Dragons,23847355.0
Poland,2017,Quebonafide,12866428.0
Poland,2017,Clean Bandit,11885796.0
Poland,2018,"TACONAFIDE, Quebonafide, Taco Hemingway",66855767.0
Poland,2018,Dawid Podsiadło,49293590.0
Poland,2018,Taco Hemingway,44719284.0
Poland,2018,Imagine Dragons,21660681.0
Poland,2018,Young Igi,17865180.0
Poland,2019,Billie Eilish,55824280.0
Poland,2019,Dawid Podsiadło,53779026.0
Poland,2019,chillwagon,48907897.0
Poland,2019,"Bedoes, Lanek",42964874.0
Poland,2019,Taco Hemingway,36270012.0
Poland,2020,Mata,87218420.0
Poland,2020,"Bedoes, Lanek",64516414.0
Poland,2020,White 2115,52682387.0
Poland,2020,sanah,47491842.0
Poland,2020,chillwagon,44015494.0
Poland,2021,sanah,163308525.0
Poland,2021,Mata,131187417.0
Poland,2021,"Bedoes, Lanek",61541378.0
Poland,2021,White 2115,54299139.0
Poland,2021,Måneskin,48196367.0
Portugal,2017,Ed Sheeran,21315211.0
Portugal,2017,Piruka,9451287.0
Portugal,2017,Kendrick Lamar,8743734.0
Portugal,2017,Imagine Dragons,7315791.0
Portugal,2017,Major Lazer,6647955.0
Portugal,2018,XXXTENTACION,18950370.0
Portugal,2018,Drake,15524815.0
Portugal,2018,Post Malone,14543592.0
Portugal,2018,Wet Bed Gang,14107552.0
Portugal,2018,Piruka,8690090.0
Portugal,2019,Wet Bed Gang,27613584.0
Portugal,2019,ProfJam,21279399.0
Portugal,2019,Plutónio,19746505.0
Portugal,2019,Billie Eilish,18745648.0
Portugal,2019,Post Malone,16917976.0
Portugal,2020,Julinho Ksd,16561568.0
Portugal,2020,Wet Bed Gang,16417680.0
Portugal,2020,Pop Smoke,16110818.0
Portugal,2020,The Weeknd,15396666.0
Portugal,2020,Travis Scott,14989964.0
Portugal,2021,Olivia Rodrigo,25474957.0
Portugal,2021,Lil Nas X,17440052.0
Portugal,2021,The Weeknd,14722011.0
Portugal,2021,Billie Eilish,13005368.0
Portugal,2021,Doja Cat,12515373.0
Romania,2018,XXXTENTACION,5080420.0
Romania,2018,Drake,2839857.0
Romania,2018,Post Malone,2796967.0
Romania,2018,Eminem,2651365.0
Romania,2018,Travis Scott,1871586.0
Romania,2019,Billie Eilish,9697887.0
Romania,2019,Post Malone,7138834.0
Romania,2019,Ariana Grande,5981874.0
Romania,2019,Ed Sheeran,4086840.0
Romania,2019,Nane,3936414.0
Romania,2020,Nane,11312158.0
Romania,2020,Travis Scott,8087084.0
Romania,2020,The Weeknd,6081715.0
Romania,2020,Billie Eilish,5586052.0
Romania,2020,Pop Smoke,5513537.0
Romania,2021,Måneskin,9986607.0
Romania,2021,Tzanca Uraganu,9695935.0
Romania,2021,Lil Nas X,6898398.0
Romania,2021,Doja Cat,6578464.0
Romania,2021,Olivia Rodrigo,6375376.0
Russia,2020,kizaru,26848928.0
Russia,2020,Miyagi & Andy Panda,17613351.0
Russia,2020,Max Korzh,15440124.0
Russia,2020,Scriptonite,15003554.0
Russia,2020,SLAVA MARLOW,13987991.0
Russia,2021,MORGENSHTERN,61737813.0
Russia,2021,"Big Baby Tape, kizaru",60187193.0
Russia,2021,Miyagi & Andy Panda,40452822.0
Russia,2021,Scriptonite,36281808.0
Russia,2021,Måneskin,35199340.0
Saudi Arabia,2019,Aseel Hameem,4785214.0
Saudi Arabia,2019,Post Malone,3288928.0
Saudi Arabia,2019,XXXTENTACION,3243051.0
Saudi Arabia,2019,Billie Eilish,3043644.0
Saudi Arabia,2019,Imagine Dragons,2076604.0
Saudi Arabia,2020,XXXTENTACION,8015325.0
Saudi Arabia,2020,Travis Scott,7574119.0
Saudi Arabia,2020,Aseel Hameem,6619910.0
Saudi Arabia,2020,Billie Eilish,6226472.0
Saudi Arabia,2020,BTS,5799726.0
Saudi Arabia,2021,Abdullah Al Farwan,13402298.0
Saudi Arabia,2021,Lil Nas X,6713684.0
Saudi Arabia,2021,Doja Cat,6152310.0
Saudi Arabia,2021,غريب ال مخلص,5964007.0
Saudi Arabia,2021,XXXTENTACION,5313229.0
Singapore,2017,Ed Sheeran,53713650.0
Singapore,2017,Charlie Puth,17129835.0
Singapore,2017,Bruno Mars,13565290.0
Singapore,2017,The Chainsmokers,13090138.0
Singapore,2017,Clean Bandit,13083280.0
Singapore,2018,Ed Sheeran,24992091.0
Singapore,2018,JJ Lin,22609266.0
Singapore,2018,BTS,17280855.0
Singapore,2018,Ariana Grande,16690075.0
Singapore,2018,Jay Chou,16613938.0
Singapore,2019,Ed Sheeran,38887003.0
Singapore,2019,Ariana Grande,30760551.0
Singapore,2019,Eric Chou,28471942.0
Singapore,2019,JJ Lin,25609783.0
Singapore,2019,BLACKPINK,23964764.0
Singapore,2020,BLACKPINK,27745206.0
Singapore,2020,BTS,25994351.0
Singapore,2020,Eric Chou,23205129.0
Singapore,2020,Lauv,19757074.0
Singapore,2020,Ed Sheeran,18549386.0
Singapore,2021,Olivia Rodrigo,35081547.0
Singapore,2021,Justin Bieber,25071375.0
Singapore,2021,Ed Sheeran,24828772.0
Singapore,2021,BTS,23061391.0
Singapore,2021,Eric Chou,18653075.0
Slovakia,2017,Ed Sheeran,2761145.0
Slovakia,2017,Imagine Dragons,1718510.0
Slovakia,2017,Clean Bandit,825819.0
Slovakia,2017,"The Chainsmokers, Coldplay",694095.0
Slovakia,2017,"Calvin Harris, Funk Wav",660990.0
Slovakia,2018,Imagine Dragons,2678009.0
Slovakia,2018,Post Malone,2352958.0
Slovakia,2018,Ego,2155899.0
Slovakia,2018,XXXTENTACION,1937994.0
Slovakia,2018,Eminem,1871159.0
Slovakia,2019,Billie Eilish,6165052.0
Slovakia,2019,Post Malone,5920532.0
Slovakia,2019,DMS,5809367.0
Slovakia,2019,Ed Sheeran,4224832.0
Slovakia,2019,Gleb,3547026.0
Slovakia,2020,Separ,5247689.0
Slovakia,2020,The Weeknd,4490666.0
Slovakia,2020,Nerieš,4425634.0
Slovakia,2020,Billie Eilish,3992346.0
Slovakia,2020,Kontrafakt,3666092.0
Slovakia,2021,Lil Nas X,4978615.0
Slovakia,2021,Olivia Rodrigo,4749277.0
Slovakia,2021,Måneskin,4654402.0
Slovakia,2021,Nerieš,4093055.0
Slovakia,2021,The Weeknd,3970722.0
South Africa,2018,Drake,2317784.0
South Africa,2018,Post Malone,1421532.0
South Africa,2018,XXXTENTACION,1377841.0
South Africa,2018,Ariana Grande,1167431.0
South Africa,2018,Eminem,1053778.0
South Africa,2019,Post Malone,7447735.0
South Africa,2019,Ed Sheeran,6135732.0
South Africa,2019,Billie Eilish,5896103.0
South Africa,2019,Khalid,4448454.0
South Africa,2019,Ariana Grande,3959805.0
South Africa,2020,Juice WRLD,9051290.0
South Africa,2020,Pop Smoke,8291706.0
South Africa,2020,Billie Eilish,6318909.0
South Africa,2020,Drake,6134890.0
South Africa,2020,The Weeknd,5416903.0
South Africa,2021,Drake,16071308.0
South Africa,2021,Olivia Rodrigo,9115095.0
South Africa,2021,Doja Cat,8850206.0
South Africa,2021,Ed Sheeran,7966041.0
South Africa,2021,Justin Bieber,7233870.0
South Korea,2021,BTS,21399637.0
South Korea,2021,IU,9515066.0
South Korea,2021,Justin Bieber,7742593.0
South Korea,2021,aespa,4261777.0
South Korea,2021,Ed Sheeran,3193024.0
Spain,2017,Ed Sheeran,138959101.0
Spain,2017,Shakira,84592289.0
Spain,2017,Ozuna,82650878.0
Spain,2017,Luis Fonsi,76135182.0
Spain,2017,Maluma,76129328.0
Spain,2018,Ozuna,101872113.0
Spain,2018,Bad Bunny,93744906.0
Spain,2018,ROSALÍA,88351377.0
Spain,2018,Maluma,70682513.0
Spain,2018,Aitana,69928604.0
Spain,2019,Don Patricio,122844464.0
Spain,2019,Beret,115572250.0
Spain,2019,Paulo Londra,114781664.0
Spain,2019,Bad Bunny,110222968.0
Spain,2019,Ozuna,97011137.0
Spain,2020,Bad Bunny,206323182.0
Spain,2020,J Balvin,206114265.0
Spain,2020,Anuel AA,130242195.0
Spain,2020,Rauw Alejandro,106733921.0
Spain,2020,Myke Towers,94256570.0
Spain,2021,Rauw Alejandro,261305272.0
Spain,2021,Camilo,129697896.0
Spain,2021,Bad Bunny,120761887.0
Spain,2021,Myke Towers,113487617.0
Spain,2021,Sech,97466083.0
Sweden,2017,Ed Sheeran,213629590.0
Sweden,2017,Zara Larsson,66130965.0
Sweden,2017,Hov1,57170501.0
Sweden,2017,Avicii,53580245.0
Sweden,2017,Clean Bandit,52993216.0
Sweden,2018,Avicii,108281038.0
Sweden,2018,Hov1,98813149.0
Sweden,2018,Post Malone,92914988.0
Sweden,2018,Drake,70200172.0
Sweden,2018,XXXTENTACION,68240272.0
Sweden,2019,Molly Sandén,98685186.0
Sweden,2019,Einár,94124441.0
Sweden,2019,Billie Eilish,92495860.0
Sweden,2019,Avicii,80367367.0
Sweden,2019,Hov1,75006311.0
Sweden,2020,Victor Leksell,133721111.0
Sweden,2020,Yasin,84835544.0
Sweden,2020,The Weeknd,80114688.0
Sweden,2020,Miss Li,77183105.0
Sweden,2020,Pop Smoke,47733593.0
Sweden,2021,Hov1,87778353.0
Sweden,2021,Newkid,61021673.0
Sweden,2021,Victor Leksell,54628757.0
Sweden,2021,Olivia Rodrigo,50406035.0
Sweden,2021,Ed Sheeran,50203355.0
Switzerland,2017,Ed Sheeran,28471397.0
Switzerland,2017,Imagine Dragons,9288871.0
Switzerland,2017,Clean Bandit,7383034.0
Switzerland,2017,Luis Fonsi,6048366.0
Switzerland,2017,Kendrick Lamar,5113788.0
Switzerland,2018,XXXTENTACION,17270886.0
Switzerland,2018,Drake,16143144.0
Switzerland,2018,Capital Bra,14684785.0
Switzerland,2018,Post Malone,12630066.0
Switzerland,2018,Imagine Dragons,10532446.0
Switzerland,2019,Billie Eilish,20051919.0
Switzerland,2019,Capital Bra,17908916.0
Switzerland,2019,Ed Sheeran,17587030.0
Switzerland,2019,Post Malone,15431280.0
Switzerland,2019,Ariana Grande,12115686.0
Switzerland,2020,Pop Smoke,21132871.0
Switzerland,2020,Apache 207,19268736.0
Switzerland,2020,The Weeknd,16589426.0
Switzerland,2020,Billie Eilish,15201703.0
Switzerland,2020,Lewis Capaldi,14345807.0
Switzerland,2021,Ed Sheeran,19045884.0
Switzerland,2021,Olivia Rodrigo,16096589.0
Switzerland,2021,Lil Nas X,15794101.0
Switzerland,2021,The Weeknd,15612440.0
Switzerland,2021,Måneskin,13287611.0
Taiwan,2017,Ed Sheeran,20685110.0
Taiwan,2017,JJ Lin,7398953.0
Taiwan,2017,"The Chainsmokers, Coldplay",7300997.0
Taiwan,2017,The Chainsmokers,7232472.0
Taiwan,2017,Charlie Puth,7183254.0
Taiwan,2018,A-Mei Chang,11115478.0
Taiwan,2018,LaLa Hsu,9759358.0
Taiwan,2018,JJ Lin,8227332.0
Taiwan,2018,Ed Sheeran,7696665.0
Taiwan,2018,G.E.M.,7247619.0
Taiwan,2019,高爾宣 OSN,22004410.0
Taiwan,2019,G.E.M.,21276289.0
Taiwan,2019,Jolin Tsai,21117402.0
Taiwan,2019,Ed Sheeran,19891860.0
Taiwan,2019,Eric Chou,18673956.0
Taiwan,2020,G.E.M.,43264710.0
Taiwan,2020,E.SO,39977965.0
Taiwan,2020,高爾宣 OSN,34098971.0
Taiwan,2020,Eric Chou,27739312.0
Taiwan,2020,BTS,17735015.0
Taiwan,2021,告五人,30926697.0
Taiwan,2021,Eric Chou,27146390.0
Taiwan,2021,G.E.M.,23125035.0
Taiwan,2021,EggPlantEgg,22814129.0
Taiwan,2021,Justin Bieber,21553739.0
Thailand,2017,Ed Sheeran,2520137.0
Thailand,2017,BTS,2353904.0
Thailand,2017,Taylor Swift,1489858.0
Thailand,2017,Room 39,1429304.0
Thailand,2017,Sam Smith,1303456.0
Thailand,2018,BLACKPINK,10959973.0
Thailand,2018,The Toys,10435943.0
Thailand,2018,Atom Chanakan,9248709.0
Thailand,2018,Room 39,6848253.0
Thailand,2018,Lipta,6310476.0
Thailand,2019,Polycat,26768263.0
Thailand,2019,BLACKPINK,22904113.0
Thailand,2019,WANYAi,19910331.0
Thailand,2019,Lipta,18831810.0
Thailand,2019,MEAN,15587098.0
Thailand,2020,Three Man Down,50245822.0
Thailand,2020,BOWKYLION,36477009.0
Thailand,2020,BLACKPINK,33426260.0
Thailand,2020,SCRUBB,28649067.0
Thailand,2020,WANYAi,27441902.0
Thailand,2021,Three Man Down,49409423.0
Thailand,2021,Ink Waruntorn,30508916.0
Thailand,2021,SERIOUS BACON,29174175.0
Thailand,2021,BTS,28665836.0
Thailand,2021,Billkin,26593923.0
Turkey,2017,Ezhel,25466252.0
Turkey,2017,Ed Sheeran,25227671.0
Turkey,2017,Manuş Baba,24671798.0
Turkey,2017,Sezen Aksu,18808382.0
Turkey,2017,Imagine Dragons,18315069.0
Turkey,2018,Ezhel,98936781.0
Turkey,2018,Yüzyüzeyken Konuşuruz,42258297.0
Turkey,2018,EDIS,30802833.0
Turkey,2018,Mabel Matiz,29199333.0
Turkey,2018,Gazapizm,23450061.0
Turkey,2019,Ben Fero,184184383.0
Turkey,2019,Ezhel,143263088.0
Turkey,2019,Yüzyüzeyken Konuşuruz,90495228.0
Turkey,2019,Norm Ender,62273462.0
Turkey,2019,Şehinşah,60283444.0
Turkey,2020,"Murda, Ezhel",133929539.0
Turkey,2020,Yüzyüzeyken Konuşuruz,105876107.0
Turkey,2020,Gazapizm,86647764.0
Turkey,2020,Ezhel,84975844.0
Turkey,2020,Reynmen,77840360.0
Turkey,2021,UZI,195793053.0
Turkey,2021,Ezhel,115591125.0
Turkey,2021,Madrigal,88406381.0
Turkey,2021,Yüzyüzeyken Konuşuruz,85105632.0
Turkey,2021,Sefo,80804057.0
Ukraine,2020,kizaru,5667135.0
Ukraine,2020,Max Korzh,3368646.0
Ukraine,2020,SLAVA MARLOW,2959836.0
Ukraine,2020,Miyagi & Andy Panda,2606200.0
Ukraine,2020,Scriptonite,2439675.0
Ukraine,2021,MORGENSHTERN,16604023.0
Ukraine,2021,"Big Baby Tape, kizaru",14580286.0
Ukraine,2021,Måneskin,9643660.0
Ukraine,2021,Miyagi & Andy Panda,7494451.0
Ukraine,2021,Scriptonite,6798891.0
United Arab Emirates,2019,Post Malone,2195945.0
United Arab Emirates,2019,Ed Sheeran,1929101.0
United Arab Emirates,2019,Billie Eilish,1264848.0
United Arab Emirates,2019,"Shawn Mendes, Camila Cabello",1175788.0
United Arab Emirates,2019,Lil Nas X,1046361.0
United Arab Emirates,2020,XXXTENTACION,3545363.0
United Arab Emirates,2020,Travis Scott,3439385.0
United Arab Emirates,2020,Juice WRLD,3334328.0
United Arab Emirates,2020,The Weeknd,2948453.0
United Arab Emirates,2020,Billie Eilish,2783242.0
United Arab Emirates,2021,Olivia Rodrigo,6987021.0
United Arab Emirates,2021,Doja Cat,5264927.0
United Arab Emirates,2021,Justin Bieber,5146017.0
United Arab Emirates,2021,Lil Nas X,5001603.0
United Arab Emirates,2021,The Weeknd,4708721.0
United Kingdom,2017,Ed Sheeran,695156175.0
United Kingdom,2017,Drake,173830775.0
United Kingdom,2017,Clean Bandit,111538225.0
United Kingdom,2017,Little Mix,97067002.0
United Kingdom,2017,DJ Khaled,97006646.0
United Kingdom,2018,Drake,367890119.0
United Kingdom,2018,Post Malone,289660608.0
United Kingdom,2018,XXXTENTACION,193096465.0
United Kingdom,2018,Ariana Grande,189254624.0
United Kingdom,2018,George Ezra,148541597.0
United Kingdom,2019,Ed Sheeran,334280102.0
United Kingdom,2019,Lewis Capaldi,330917697.0
United Kingdom,2019,Ariana Grande,280622420.0
United Kingdom,2019,Billie Eilish,277605556.0
United Kingdom,2019,Post Malone,267738394.0
United Kingdom,2020,Juice WRLD,206818519.0
United Kingdom,2020,Pop Smoke,190567919.0
United Kingdom,2020,Lewis Capaldi,187005776.0
United Kingdom,2020,Harry Styles,171679611.0
United Kingdom,2020,Billie Eilish,171193767.0
United Kingdom,2021,Olivia Rodrigo,353943147.0
United Kingdom,2021,Ed Sheeran,198062163.0
United Kingdom,2021,Doja Cat,167468551.0
United Kingdom,2021,Adele,149845008.0
United Kingdom,2021,Drake,148988406.0
United States,2017,Kendrick Lamar,1132834065.0
United States,2017,Drake,773421630.0
United States,2017,Lil Uzi Vert,756277795.0
United States,2017,Ed Sheeran,711107331.0
United States,2017,Migos,628419061.0
United States,2018,Post Malone,1931113925.0
United States,2018,XXXTENTACION,1790548850.0
United States,2018,Drake,1774128417.0
United States,2018,Travis Scott,917010135.0
United States,2018,Juice WRLD,758940625.0
United States,2019,Post Malone,1690389416.0
United States,2019,Billie Eilish,1478164763.0
United States,2019,Ariana Grande,1164608830.0
United States,2019,Juice WRLD,1064940610.0
United States,2019,Khalid,776043116.0
United States,2020,Juice WRLD,1738954501.0
United States,2020,DaBaby,793567472.0
United States,2020,Lil Uzi Vert,783716364.0
United States,2020,Post Malone,683655595.0
United States,2020,Pop Smoke,678966586.0
United States,2021,Olivia Rodrigo,1571241675.0
United States,2021,Drake,1092411536.0
United States,2021,Doja Cat,902551085.0
United States,2021,Juice WRLD,837464297.0
United States,2021,Morgan Wallen,657669126.0
Uruguay,2017,Ozuna,6905947.0
Uruguay,2017,Ed Sheeran,5655860.0
Uruguay,2017,Maluma,4758150.0
Uruguay,2017,Nicky Jam,4501132.0
Uruguay,2017,Rombai,4209184.0
Uruguay,2018,Ozuna,5809211.0
Uruguay,2018,Paulo Londra,4850034.0
Uruguay,2018,Maluma,4561396.0
Uruguay,2018,Bad Bunny,4490548.0
Uruguay,2018,Piso 21,3658850.0
Uruguay,2019,Paulo Londra,12031294.0
Uruguay,2019,Bad Bunny,5242488.0
Uruguay,2019,Maluma,5090992.0
Uruguay,2019,Duki,4184379.0
Uruguay,2019,Ed Sheeran,4093503.0
Uruguay,2020,J Balvin,9215833.0
Uruguay,2020,Camilo,8941807.0
Uruguay,2020,Bad Bunny,7264715.0
Uruguay,2020,Maluma,6629690.0
Uruguay,2020,Rauw Alejandro,5846291.0
Uruguay,2021,Rauw Alejandro,8867092.0
Uruguay,2021,Camilo,5238260.0
Uruguay,2021,Maria Becerra,5106545.0
Uruguay,2021,Boza,4839076.0
Uruguay,2021,Olivia Rodrigo,4563005.0
Vietnam,2018,Mỹ Tâm,5477539.0
Vietnam,2018,BTS,4833347.0
Vietnam,2018,Ed Sheeran,1617231.0
Vietnam,2018,Ariana Grande,1392611.0
Vietnam,2018,Bich Phuong,1268748.0
Vietnam,2019,BTS,11647705.0
Vietnam,2019,Ariana Grande,8900010.0
Vietnam,2019,Billie Eilish,8339526.0
Vietnam,2019,Taylor Swift,7953252.0
Vietnam,2019,Hoang Thuy Linh,7631292.0
Vietnam,2020,BTS,36269867.0
Vietnam,2020,BLACKPINK,17806809.0
Vietnam,2020,Chillies,17736512.0
Vietnam,2020,Hoang Thuy Linh,13718566.0
Vietnam,2020,RAP VIỆT,10854131.0
Vietnam,2021,BTS,38611507.0
Vietnam,2021,Sơn Tùng M-TP,29426505.0
Vietnam,2021,Chillies,16824402.0
Vietnam,2021,Vũ.,16185461.0
Vietnam,2021,Hoang Dung,9545145.0
